1,"seznam.cz","2020-07-03 00:11:20.353189","2020-07-03 00:11:20.353189"
2,"prowerl.com","2020-07-03 00:11:47.061343","2020-07-03 00:11:47.061343"
3,"whowlft.com","2020-07-03 00:11:57.769471","2020-07-03 00:11:57.769471"
4,"getnada.com","2020-07-03 00:12:08.94143","2020-07-03 00:12:08.94143"
5,"mailnd7.com","2020-07-03 00:12:18.91469","2020-07-03 00:12:18.91469"
6,"tashjw.com","2020-07-03 00:12:29.118368","2020-07-03 00:12:29.118368"
7,"blackrutor.site","2020-07-03 00:12:38.97223","2020-07-03 00:12:38.97223"
8,"kartk5.com","2020-07-03 00:31:08.66714","2020-07-03 00:31:08.66714"
9,"trysubj.com","2020-07-03 00:53:49.466384","2020-07-03 00:53:49.466384"
10,"specnondse.ml","2020-07-03 00:54:05.608115","2020-07-03 00:54:05.608115"
11,"inmugood.ml","2020-07-03 03:44:38.91963","2020-07-03 03:44:38.91963"
12,"wonwwf.com","2020-07-03 19:52:15.946905","2020-07-03 19:52:15.946905"
13,"inmail3.com","2020-07-03 20:02:00.65939","2020-07-03 20:02:00.65939"
14,"smrn420.com","2020-07-06 19:07:24.869386","2020-07-06 19:07:24.869386"
15,"yopmail.com","2020-07-07 02:13:30.202778","2020-07-07 02:13:30.202778"
16,"netmail9.com","2020-07-07 15:15:37.054172","2020-07-07 15:15:37.054172"
17,"aqumail.com","2020-07-07 15:15:48.435542","2020-07-07 15:15:48.435542"
18,"estopg.com","2020-07-07 15:15:58.099631","2020-07-07 15:15:58.099631"
19,"@roargame.com","2020-07-08 17:53:50.099778","2020-07-08 17:53:50.099778"
20,"roargame.com","2020-07-08 17:54:02.307781","2020-07-08 17:54:02.307781"
21,"kimfetspa.com","2020-07-08 23:43:07.536654","2020-07-08 23:43:07.536654"
22,"farmdeu.com","2020-07-09 15:05:57.184311","2020-07-09 15:05:57.184311"
23,"wwmails.com","2020-07-09 15:08:01.053417","2020-07-09 15:08:01.053417"
24,"enmail1.com","2020-07-09 15:20:17.84129","2020-07-09 15:20:17.84129"
25,"ageokfc.com","2020-07-09 15:51:49.240973","2020-07-09 15:51:49.240973"
26,"mailsy.top","2020-07-09 19:16:50.55935","2020-07-09 19:16:50.55935"
27,"chikd73.com","2020-07-10 15:06:41.369723","2020-07-10 15:06:41.369723"
28,"dklmln.fun","2020-07-10 19:35:21.407767","2020-07-10 19:35:21.407767"
29,"djemail.net","2020-07-12 18:08:33.815057","2020-07-12 18:08:33.815057"
30,"winemails.com","2020-07-12 18:09:05.902078","2020-07-12 18:09:05.902078"
31,"mailsecv.com","2020-07-12 18:13:53.169031","2020-07-12 18:13:53.169031"
32,"xenzld.com","2020-07-12 18:44:19.331547","2020-07-12 18:44:19.331547"
33,"pastmao.com","2020-07-13 23:56:28.560178","2020-07-13 23:56:28.560178"
34,"mailres.net","2020-07-13 23:59:25.6762","2020-07-13 23:59:25.6762"
35,"romail9.com","2020-07-14 00:32:58.903982","2020-07-14 00:32:58.903982"
36,"radioriki.com","2020-07-14 00:41:12.362572","2020-07-14 00:41:12.362572"
37,"ioxmail.net","2020-07-14 14:32:46.433204","2020-07-14 14:32:46.433204"
38,"gomail5.com","2020-07-15 17:29:41.438698","2020-07-15 17:29:41.438698"
39,"votavk.com","2020-07-16 16:04:05.374291","2020-07-16 16:04:05.374291"
40,"mailerv.net","2020-07-16 16:04:58.907579","2020-07-16 16:04:58.907579"
41,"faiphoge.ga","2020-07-16 16:22:48.292196","2020-07-16 16:22:48.292196"
42,"nalafx.com","2020-07-16 16:41:43.608927","2020-07-16 16:41:43.608927"
43,"mado34.com","2020-07-20 18:26:13.612288","2020-07-20 18:26:13.612288"
44,"retqio.com","2020-07-20 18:57:58.602121","2020-07-20 18:57:58.602121"
45,"ffwebookun.com","2020-07-21 15:30:08.167616","2020-07-21 15:30:08.167616"
46,"exploraxb.com","2020-07-21 15:41:51.975762","2020-07-21 15:41:51.975762"
47,"inmail92.com","2020-07-21 23:07:44.117101","2020-07-21 23:07:44.117101"
48,"dnawr.com","2020-07-22 23:51:32.180373","2020-07-22 23:51:32.180373"
49,"domwahlwin.ml","2020-07-23 15:05:11.420674","2020-07-23 15:05:11.420674"
50,"royalnt.net","2020-07-24 15:14:00.399423","2020-07-24 15:14:00.399423"
51,"romails.net","2020-07-24 15:41:59.216532","2020-07-24 15:41:59.216532"
52,"frost2d.net","2020-07-27 15:34:08.320456","2020-07-27 15:34:08.320456"
53,"namyn.com","2020-07-28 15:05:38.49032","2020-07-28 15:05:38.49032"
54,"mailvk.net","2020-07-30 15:04:47.784364","2020-07-30 15:04:47.784364"
55,"in4mail.net","2020-08-04 16:23:19.627243","2020-08-04 16:23:19.627243"
56,"fazmail.net","2020-08-05 15:25:45.876591","2020-08-05 15:25:45.876591"
57,"ascaz.net","2020-08-05 18:41:56.1666","2020-08-05 18:41:56.1666"
58,"intsv.net","2020-08-05 18:43:37.087617","2020-08-05 18:43:37.087617"
59,"demail3.com","2020-08-07 17:13:02.045962","2020-08-07 17:13:02.045962"
92,"enayu.com","2020-08-10 18:24:12.649476","2020-08-10 18:24:12.649476"
93,"acceptmail.net","2020-08-11 15:24:53.33862","2020-08-11 15:24:53.33862"
94,"accordmail.net","2020-08-13 20:27:48.221568","2020-08-13 20:27:48.221568"
95,"arasj.net","2020-08-14 15:01:15.08098","2020-08-14 15:01:15.08098"
96,"aenmail.net","2020-08-14 15:10:42.944791","2020-08-14 15:10:42.944791"
97,"ilavana.com","2020-08-17 22:33:56.426269","2020-08-17 22:33:56.426269"
98,"iuroveruk.com","2020-08-18 14:20:27.210961","2020-08-18 14:20:27.210961"
99,"academail.net","2020-08-18 23:37:59.9616","2020-08-18 23:37:59.9616"
100,"brosj.net","2020-08-20 15:42:21.499382","2020-08-20 15:42:21.499382"
101,"armcams.com","2020-08-24 15:21:11.883332","2020-08-24 15:21:11.883332"
102,"99mimpi.com","2020-08-25 14:24:25.137926","2020-08-25 14:24:25.137926"
103,"bvzoonm.com","2020-08-25 14:54:02.405285","2020-08-25 14:54:02.405285"
104,"synevde.com","2020-08-25 17:16:17.379957","2020-08-25 17:16:17.379957"
105,"qqmimpi.com","2020-08-26 17:15:09.515389","2020-08-26 17:15:09.515389"
106,"hogee.com","2020-08-26 23:49:27.722994","2020-08-26 23:49:27.722994"
107,"maliberty.com","2020-08-27 00:46:18.787251","2020-08-27 00:46:18.787251"
108,"digitalwebus.com","2020-08-27 22:05:03.822611","2020-08-27 22:05:03.822611"
109,"leakygutawarness.com","2020-08-27 22:41:07.668381","2020-08-27 22:41:07.668381"
110,"paikhuuok.com","2020-08-27 23:20:37.321933","2020-08-27 23:20:37.321933"
111,"jlauryn.com","2020-08-27 23:21:36.741472","2020-08-27 23:21:36.741472"
112,"sanizr.com","2020-08-27 23:53:16.133072","2020-08-27 23:53:16.133072"
113,"cokils.com","2020-08-28 16:39:01.192605","2020-08-28 16:39:01.192605"
114,"getimpromptu.com","2020-08-28 16:39:46.421598","2020-08-28 16:39:46.421598"
115,"eoopy.com","2020-08-28 18:31:49.752926","2020-08-28 18:31:49.752926"
116,"netfacc.com","2020-08-28 23:01:01.379892","2020-08-28 23:01:01.379892"
117,"faxapdf.com","2020-09-01 14:20:22.876985","2020-09-01 14:20:22.876985"
118,"unfao.net","2020-09-01 14:25:47.703868","2020-09-01 14:25:47.703868"
119,"bcaoo.com","2020-09-01 19:03:18.813129","2020-09-01 19:03:18.813129"
120,"cuoly.com","2020-09-01 23:52:18.735144","2020-09-01 23:52:18.735144"
121,"inxto.net","2020-09-04 15:14:12.452194","2020-09-04 15:14:12.452194"
122,"kespear.com","2020-09-09 16:44:00.365168","2020-09-09 16:44:00.365168"
123,"nmailv.com","2020-09-10 15:43:10.515089","2020-09-10 15:43:10.515089"
124,"gomaild.com","2020-09-10 16:25:08.75717","2020-09-10 16:25:08.75717"
125,"brownal.net","2020-09-10 17:08:53.937752","2020-09-10 17:08:53.937752"
126,"maileze.net","2020-09-11 15:45:16.924341","2020-09-11 15:45:16.924341"
127,"oramail.net","2020-09-12 20:00:17.39415","2020-09-12 20:00:17.39415"
128,"keinmail.com","2020-09-14 15:24:48.872534","2020-09-14 15:24:48.872534"
129,"acetesz.com","2020-09-14 15:26:02.76523","2020-09-14 15:26:02.76523"
130,"hatechoice.com","2020-09-15 19:33:02.724394","2020-09-15 19:33:02.724394"
131,"enometry.com","2020-09-15 19:33:20.681031","2020-09-15 19:33:20.681031"
132,"usapodcasd.com","2020-09-15 19:34:54.063698","2020-09-15 19:34:54.063698"
133,"cyberper.net","2020-09-16 18:09:50.209452","2020-09-16 18:09:50.209452"
134,"intrees.org","2020-09-16 18:12:11.200953","2020-09-16 18:12:11.200953"
135,"mailetk.com","2020-09-16 18:18:15.144742","2020-09-16 18:18:15.144742"
136,"tsyefn.com","2020-09-17 15:56:17.583444","2020-09-17 15:56:17.583444"
137,"a6mail.net","2020-09-17 17:07:37.644204","2020-09-17 17:07:37.644204"
138,"getthemp3.com","2020-09-18 15:44:51.607771","2020-09-18 15:44:51.607771"
139,"kukuka.org","2020-09-18 15:48:17.212921","2020-09-18 15:48:17.212921"
140,"oniaj.com","2020-09-18 16:21:14.78079","2020-09-18 16:21:14.78079"
141,"onmail3.com","2020-09-23 22:26:17.357526","2020-09-23 22:26:17.357526"
142,"tinkmail.net","2020-09-23 23:13:13.781978","2020-09-23 23:13:13.781978"
143,"optoseo.com","2020-09-25 00:04:58.203988","2020-09-25 00:04:58.203988"
144,"jalcemail.com","2020-09-25 20:38:15.744971","2020-09-25 20:38:15.744971"
145,"qatw.net","2020-09-25 23:11:04.849503","2020-09-25 23:11:04.849503"
146,"yosemail.com","2020-09-28 21:52:29.709888","2020-09-28 21:52:29.709888"
147,"ajabdshown.com","2020-09-29 16:22:33.869627","2020-09-29 16:22:33.869627"
148,"gegearkansas.com","2020-09-29 16:55:46.558022","2020-09-29 16:55:46.558022"
149,"rmomail.com","2020-09-29 16:56:32.660995","2020-09-29 16:56:32.660995"
150,"simamg.com","2020-09-29 20:50:43.791838","2020-09-29 20:50:43.791838"
151,"summitgg.com","2020-10-01 15:47:01.815559","2020-10-01 15:47:01.815559"
152,"amazonshopsite.com","2020-10-08 18:52:05.809385","2020-10-08 18:52:05.809385"
153,"kuyzstore.com","2020-10-15 15:41:19.518828","2020-10-15 15:41:19.518828"
154,"azqas.com","2020-10-15 21:04:59.966575","2020-10-15 21:04:59.966575"
155,"abbuzz.com","2020-10-22 16:05:22.362395","2020-10-22 16:05:22.362395"
188,"shoppyhunt.com","2020-10-29 15:51:38.411065","2020-10-29 15:51:38.411065"
189,"googleappmail.com","2020-10-29 15:53:09.503308","2020-10-29 15:53:09.503308"
190,"blogemail.com","2020-10-29 15:54:08.094339","2020-10-29 15:54:08.094339"
191,"glissinternational.com","2020-10-29 15:55:25.214198","2020-10-29 15:55:25.214198"
192,"siboneycubancuisine.com","2020-10-29 15:57:36.99645","2020-10-29 15:57:36.99645"
193,"kiabws.online","2020-11-03 19:45:54.623188","2020-11-03 19:45:54.623188"
194,"numbobulator.com","2020-11-09 21:59:57.420238","2020-11-09 21:59:57.420238"
195,"0335g.com","2020-11-13 16:15:01.857383","2020-11-13 16:15:01.857383"
196,"boranora.com","2020-11-19 22:20:58.013065","2020-11-19 22:20:58.013065"
197,"avxrja.com","2020-11-19 22:49:08.472654","2020-11-19 22:49:08.472654"
198,"mhzayt.com","2020-11-19 22:54:35.485287","2020-11-19 22:54:35.485287"
199,"p-response.com","2020-11-19 22:57:19.255039","2020-11-19 22:57:19.255039"
200,"opetron.com","2020-11-19 23:00:42.810999","2020-11-19 23:00:42.810999"
201,"upived.com","2020-11-19 23:45:37.650194","2020-11-19 23:45:37.650194"
202,"tecnotutos.com","2020-11-20 16:10:08.65373","2020-11-20 16:10:08.65373"
203,"novellwall.org","2020-11-20 16:12:28.415581","2020-11-20 16:12:28.415581"
204,"tjuln.com","2020-11-20 19:22:00.793237","2020-11-20 19:22:00.793237"
205,"bcpfm.com","2020-11-21 00:12:28.592945","2020-11-21 00:12:28.592945"
206,"factwalk.com","2020-11-23 21:33:40.117077","2020-11-23 21:33:40.117077"
207,"58as.com","2020-12-01 15:03:29.862399","2020-12-01 15:03:29.862399"
208,"questza.com","2020-12-01 15:04:35.752787","2020-12-01 15:04:35.752787"
209,"ninjagg.com","2020-12-01 15:07:11.239064","2020-12-01 15:07:11.239064"
210,"enml.net","2020-12-01 23:33:28.275125","2020-12-01 23:33:28.275125"
211,"purkz.com","2020-12-01 23:34:25.240452","2020-12-01 23:34:25.240452"
212,"walmartshops.com","2020-12-02 16:44:41.322565","2020-12-02 16:44:41.322565"
213,"silentsuite.com","2020-12-02 16:46:43.341371","2020-12-02 16:46:43.341371"
214,"btsese.com","2020-12-03 00:00:14.085002","2020-12-03 00:00:14.085002"
215,"mailpluss.com","2020-12-04 15:02:40.90396","2020-12-04 15:02:40.90396"
216,"brackettmail.com","2020-12-04 15:07:11.753211","2020-12-04 15:07:11.753211"
217,"kocheme.com","2020-12-04 15:12:57.19576","2020-12-04 15:12:57.19576"
218,"xbreg.com","2020-12-08 16:37:49.97197","2020-12-08 16:37:49.97197"
219,"taikz.com","2020-12-08 22:59:11.501886","2020-12-08 22:59:11.501886"
220,"hebgsw.com","2020-12-09 16:12:09.345071","2020-12-09 16:12:09.345071"
221,"mailboxvip.com","2020-12-09 16:53:44.832518","2020-12-09 16:53:44.832518"
222,"menece.com","2020-12-09 21:54:53.529338","2020-12-09 21:54:53.529338"
223,"sdysofa.com","2020-12-10 16:43:52.231086","2020-12-10 16:43:52.231086"
224,"nedoz.com","2020-12-11 16:59:14.876596","2020-12-11 16:59:14.876596"
225,"pxjtw.com","2020-12-11 17:43:23.863493","2020-12-11 17:43:23.863493"
226,"sceenic.com","2020-12-16 16:21:58.746231","2020-12-16 16:21:58.746231"
227,"cedijournal.com","2020-12-16 16:23:17.196408","2020-12-16 16:23:17.196408"
228,"ncpine.com","2020-12-18 16:51:20.289599","2020-12-18 16:51:20.289599"
229,"aprilmovo.com","2020-12-18 16:51:44.916754","2020-12-18 16:51:44.916754"
230,"liaphoto.com","2021-01-08 15:16:58.311101","2021-01-08 15:16:58.311101"
231,"twzhhq.com","2021-01-08 15:19:04.219118","2021-01-08 15:19:04.219118"
263,"usweek.net","2021-01-11 18:56:33.637445","2021-01-11 18:56:33.637445"
264,"wncnw.com","2021-01-12 21:55:02.402723","2021-01-12 21:55:02.402723"
265,"vss6.com","2021-01-12 21:56:15.104026","2021-01-12 21:56:15.104026"
266,"wpfoo.com","2021-01-15 14:39:18.438729","2021-01-15 14:39:18.438729"
267,"dashseat.com","2021-01-21 23:02:53.578383","2021-01-21 23:02:53.578383"
268,"pashter.com","2021-01-22 22:41:08.406072","2021-01-22 22:41:08.406072"
269,"febula.com","2021-01-22 22:43:04.891045","2021-01-22 22:43:04.891045"
270,"malomies.com","2021-01-25 18:38:01.561974","2021-01-25 18:38:01.561974"
271,"1adir.com","2021-01-25 18:54:43.084662","2021-01-25 18:54:43.084662"
272,"laklica.com","2021-02-08 22:00:16.455736","2021-02-08 22:00:16.455736"
273,"jentrix.com","2021-02-08 22:03:28.129478","2021-02-08 22:03:28.129478"
274,"poetred.com","2021-02-08 22:05:52.27557","2021-02-08 22:05:52.27557"
275,"loopsnow.com","2021-02-08 22:09:53.631682","2021-02-08 22:09:53.631682"
276,"alicdh.com","2021-02-08 22:12:33.868536","2021-02-08 22:12:33.868536"
277,"lovomon.com","2021-02-08 22:18:20.404173","2021-02-08 22:18:20.404173"
278,"botfed.com","2021-02-10 22:04:24.446125","2021-02-10 22:04:24.446125"
280,"miucce.com","2021-02-12 18:00:33.100798","2021-02-12 18:00:33.100798"
281,"mhzayt.online","2021-02-16 23:39:06.862174","2021-02-16 23:39:06.862174"
282,"fironia.com","2021-02-17 15:39:00.47923","2021-02-17 15:39:00.47923"
283,"hancack.com","2021-02-17 15:42:19.924231","2021-02-17 15:42:19.924231"
284,"asurfacesz.com","2021-02-19 22:51:51.289386","2021-02-19 22:51:51.289386"
285,"lidte.com","2021-02-23 22:19:13.492608","2021-02-23 22:19:13.492608"
286,"upived.online","2021-02-23 22:23:34.020751","2021-02-23 22:23:34.020751"
287,"wqcefp.com","2021-02-23 22:25:02.491092","2021-02-23 22:25:02.491092"
288,"seacob.com","2021-02-23 22:27:10.627707","2021-02-23 22:27:10.627707"
289,"kittiza.com","2021-02-26 14:59:39.611266","2021-02-26 14:59:39.611266"
290,"blogradar.com","2021-02-26 17:11:38.802296","2021-02-26 17:11:38.802296"
291,"ecallen.com","2021-02-26 18:33:17.113808","2021-02-26 18:33:17.113808"
292,"mailnest.net","2021-03-01 21:50:01.86502","2021-03-01 21:50:01.86502"
293,"bentons.online","2021-03-05 15:03:17.373054","2021-03-05 15:03:17.373054"
294,"kiabws.com","2021-03-17 21:22:55.612215","2021-03-17 21:22:55.612215"
295,"encodium.com","2021-03-17 22:23:21.278558","2021-03-17 22:23:21.278558"
296,"acmta.com","2021-03-18 22:21:59.024599","2021-03-18 22:21:59.024599"
329,"ucombinator.com","2021-03-22 21:36:19.754699","2021-03-22 21:36:19.754699"
330,"niwghx.com","2021-03-22 21:37:11.214645","2021-03-22 21:37:11.214645"
331,"ichkoch.com","2021-03-22 21:49:57.245183","2021-03-22 21:49:57.245183"
332,"honghengs.com","2021-03-23 21:04:54.95203","2021-03-23 21:04:54.95203"
333,"cxmyal.com","2021-03-23 21:05:17.398747","2021-03-23 21:05:17.398747"
334,"staffburada.com","2021-03-23 21:14:43.238163","2021-03-23 21:14:43.238163"
335,"chillleo.com","2021-03-23 21:28:53.285256","2021-03-23 21:28:53.285256"
336,"livegolftv.com","2021-03-23 21:40:23.8063","2021-03-23 21:40:23.8063"
337,"homemortgagedirectlender.com","2021-03-23 21:55:40.650553","2021-03-23 21:55:40.650553"
338,"gmailup.com","2021-03-23 22:04:03.118029","2021-03-23 22:04:03.118029"
339,"kiscover.com","2021-03-23 22:40:40.093705","2021-03-23 22:40:40.093705"
340,"24hinbox.com","2021-03-29 21:41:18.068025","2021-03-29 21:41:18.068025"
341,"plussmail.com","2021-03-29 21:42:32.973978","2021-03-29 21:42:32.973978"
342,"halumail.com","2021-03-29 21:44:22.154766","2021-03-29 21:44:22.154766"
343,"aplpy.com","2021-03-29 21:46:39.132565","2021-03-29 21:46:39.132565"
344,"noaddedpulp.com","2021-03-30 22:45:51.941736","2021-03-30 22:45:51.941736"
345,"yncyjs.com","2021-04-07 20:26:40.615896","2021-04-07 20:26:40.615896"
346,"shzsedu.com","2021-04-07 20:49:35.891804","2021-04-07 20:49:35.891804"
347,"art2427.com","2021-04-12 20:29:41.08579","2021-04-12 20:29:41.08579"
348,"zefara.com","2021-04-13 21:29:52.398068","2021-04-13 21:29:52.398068"
349,"ddwfzp.com","2021-04-14 22:00:22.30109","2021-04-14 22:00:22.30109"
350,"scadaerp.com","2021-04-14 22:01:02.009925","2021-04-14 22:01:02.009925"
351,"dwgtcm.com","2021-04-14 22:02:07.823277","2021-04-14 22:02:07.823277"
352,"soantiy.com","2021-04-15 21:05:22.774933","2021-04-15 21:05:22.774933"
353,"tooblr.com","2021-04-15 21:14:09.712315","2021-04-15 21:14:09.712315"
354,"zevars.com","2021-04-16 15:03:52.066788","2021-04-16 15:03:52.066788"
355,"jbniklaus.com","2021-04-16 15:06:52.453814","2021-04-16 15:06:52.453814"
356,"ay152.com","2021-04-16 15:31:19.697696","2021-04-16 15:31:19.697696"
357,"zcai77.com","2021-04-16 15:42:31.400329","2021-04-16 15:42:31.400329"
358,"0pppp.com","2021-04-16 15:45:09.589886","2021-04-16 15:45:09.589886"
359,"zcai66.com","2021-04-16 21:32:06.728944","2021-04-16 21:32:06.728944"
360,"wiesekey.com","2021-04-20 20:54:04.563779","2021-04-20 20:54:04.563779"
361,"cnshouyin.com","2021-04-20 22:35:14.391729","2021-04-20 22:35:14.391729"
362,"sumwan.com","2021-04-21 22:15:07.766575","2021-04-21 22:15:07.766575"
363,"twzhhq.online","2021-04-21 22:36:10.656052","2021-04-21 22:36:10.656052"
364,"7570366.com","2021-04-22 15:25:13.264804","2021-04-22 15:25:13.264804"
365,"colevillecapital.com","2021-04-27 22:55:44.426285","2021-04-27 22:55:44.426285"
366,"btcmod.com","2021-04-28 20:57:14.887259","2021-04-28 20:57:14.887259"
367,"sejkt.com","2021-04-29 22:33:44.89386","2021-04-29 22:33:44.89386"
368,"dmxs8.com","2021-04-29 22:34:26.012067","2021-04-29 22:34:26.012067"
369,"quossum.com","2021-04-30 15:10:23.908765","2021-04-30 15:10:23.908765"
370,"biyac.com","2021-04-30 15:47:15.525299","2021-04-30 15:47:15.525299"
371,"wifimaple.com","2021-04-30 21:01:52.143609","2021-04-30 21:01:52.143609"
372,"shinisetoriyose.net","2021-04-30 22:17:44.722002","2021-04-30 22:17:44.722002"
373,"billseo.com","2021-05-06 21:14:18.084395","2021-05-06 21:14:18.084395"
374,"cnxingye.com","2021-05-07 15:03:28.897194","2021-05-07 15:03:28.897194"
375,"kintul.buzz","2021-05-07 15:26:45.472","2021-05-07 15:26:45.472"
376,"tempembus.buzz","2021-05-07 15:27:35.839433","2021-05-07 15:27:35.839433"
377,"melapatas.space","2021-05-07 15:28:30.375628","2021-05-07 15:28:30.375628"
378,"duybuy.com","2021-05-07 15:35:16.699152","2021-05-07 15:35:16.699152"
379,"email-temp.com","2021-05-07 15:36:13.368769","2021-05-07 15:36:13.368769"
380,"dante20.com","2021-05-12 20:20:17.488605","2021-05-12 20:20:17.488605"
381,"bityemedia.com","2021-05-14 15:02:57.473266","2021-05-14 15:02:57.473266"
382,"jeruknipis.buzz","2021-05-14 15:03:54.863359","2021-05-14 15:03:54.863359"
383,"rheumview.com","2021-05-14 15:19:36.698392","2021-05-14 15:19:36.698392"
384,"filevino.com","2021-05-14 15:25:10.692956","2021-05-14 15:25:10.692956"
385,"scriand.com","2021-05-14 16:40:37.521913","2021-05-14 16:40:37.521913"
386,"troikos.com","2021-05-14 22:28:46.919078","2021-05-14 22:28:46.919078"
387,"to200.com","2021-05-14 22:29:50.919274","2021-05-14 22:29:50.919274"
388,"o3live.com","2021-05-14 23:02:28.068397","2021-05-14 23:02:28.068397"
389,"taluabushop.com","2021-05-17 21:05:44.146742","2021-05-17 21:05:44.146742"
390,"threepp.com","2021-05-17 21:17:50.893059","2021-05-17 21:17:50.893059"
391,"shopcukin.com","2021-05-17 21:42:02.305284","2021-05-17 21:42:02.305284"
392,"utplexpotrabajos.com","2021-05-17 21:43:00.661045","2021-05-17 21:43:00.661045"
393,"labebx.com","2021-05-17 21:47:29.876426","2021-05-17 21:47:29.876426"
394,"80671vip.com","2021-05-18 22:53:42.055415","2021-05-18 22:53:42.055415"
395,"mxcdd.com","2021-05-19 22:00:21.970186","2021-05-19 22:00:21.970186"
396,"64ge.com","2021-05-20 22:46:13.315883","2021-05-20 22:46:13.315883"
397,"rphinfo.com","2021-05-21 15:00:26.274257","2021-05-21 15:00:26.274257"
398,"geekale.com","2021-05-21 15:02:24.348213","2021-05-21 15:02:24.348213"
399,"frnla.com","2021-05-21 15:05:09.151513","2021-05-21 15:05:09.151513"
400,"tanteculikakuya.com","2021-05-21 15:05:52.29739","2021-05-21 15:05:52.29739"
401,"playfunplus.com","2021-05-21 15:07:53.327908","2021-05-21 15:07:53.327908"
402,"mytangchi.com","2021-05-21 15:09:45.430524","2021-05-21 15:09:45.430524"
403,"akunprm.com","2021-05-21 20:44:55.164229","2021-05-21 20:44:55.164229"
404,"isecv.com","2021-05-24 21:19:46.188115","2021-05-24 21:19:46.188115"
405,"conisocial.it","2021-05-24 21:58:23.757519","2021-05-24 21:58:23.757519"
406,"itwbuy.com","2021-05-24 21:59:12.542154","2021-05-24 21:59:12.542154"
407,"automisly.org","2021-05-25 22:15:30.573447","2021-05-25 22:15:30.573447"
408,"jomcs.com","2021-05-26 20:14:07.527054","2021-05-26 20:14:07.527054"
409,"realrisotto.com","2021-05-26 22:40:13.637499","2021-05-26 22:40:13.637499"
410,"wmcasinoauto.com","2021-05-28 15:09:52.758252","2021-05-28 15:09:52.758252"
411,"docm.site","2021-05-28 15:10:20.663846","2021-05-28 15:10:20.663846"
412,"nycmail.com","2021-05-28 15:11:15.278999","2021-05-28 15:11:15.278999"
413,"ekipatonosi.cf","2021-05-28 15:54:25.78349","2021-05-28 15:54:25.78349"
414,"brayy.com","2021-05-28 15:56:32.591648","2021-05-28 15:56:32.591648"
415,"viralchoose.com","2021-06-01 21:29:01.296426","2021-06-01 21:29:01.296426"
416,"dznf.net","2021-06-01 22:24:25.975335","2021-06-01 22:24:25.975335"
417,"jamesd20.com","2021-06-02 20:15:15.461996","2021-06-02 20:15:15.461996"
418,"pianoxltd.com","2021-06-03 22:36:48.321482","2021-06-03 22:36:48.321482"
419,"king.buzz","2021-06-03 22:52:59.862686","2021-06-03 22:52:59.862686"
420,"elhida.com","2021-06-04 09:15:56.609965","2021-06-04 09:15:56.609965"
421,"bebekpenyet.buzz","2021-06-04 09:16:21.349243","2021-06-04 09:16:21.349243"
422,"texasaol.com","2021-06-04 15:03:22.242674","2021-06-04 15:03:22.242674"
423,"flmcat.com","2021-06-04 18:22:40.936123","2021-06-04 18:22:40.936123"
456,"edmondpt.com","2021-06-07 20:24:08.331071","2021-06-07 20:24:08.331071"
457,"pidhoes.com","2021-06-07 21:15:24.881766","2021-06-07 21:15:24.881766"
458,"linyukaifa.com","2021-06-11 15:04:31.585763","2021-06-11 15:04:31.585763"
459,"solarunited.net","2021-06-16 21:01:15.266855","2021-06-16 21:01:15.266855"
460,"cemtodi.com","2021-06-16 21:03:03.367061","2021-06-16 21:03:03.367061"
461,"usayoman.com","2021-06-17 20:42:21.502822","2021-06-17 20:42:21.502822"
462,"jucky.net","2021-06-17 20:43:18.864008","2021-06-17 20:43:18.864008"
463,"greenkic.com","2021-06-17 22:06:06.256393","2021-06-17 22:06:06.256393"
464,"mypat.gq","2021-06-17 22:07:04.312645","2021-06-17 22:07:04.312645"
465,"d4wan.com","2021-06-17 22:37:44.118152","2021-06-17 22:37:44.118152"
466,"machinetest.com","2021-06-18 15:01:05.157769","2021-06-18 15:01:05.157769"
467,"partnerct.com","2021-06-18 16:13:51.320171","2021-06-18 16:13:51.320171"
468,"mobv.site","2021-06-21 20:33:21.162557","2021-06-21 20:33:21.162557"
469,"upmyscores.com","2021-06-21 20:34:23.039223","2021-06-21 20:34:23.039223"
470,"uwucheck.com","2021-06-22 21:32:44.242764","2021-06-22 21:32:44.242764"
471,"paseacuba.com","2021-06-24 22:54:54.440033","2021-06-24 22:54:54.440033"
472,"iturno.site","2021-06-25 15:19:57.952923","2021-06-25 15:19:57.952923"
473,"tunestan.com","2021-06-25 16:05:45.068922","2021-06-25 16:05:45.068922"
474,"seek4wap.com","2021-06-25 21:53:22.514823","2021-06-25 21:53:22.514823"
475,"beydent.com","2021-06-25 21:54:59.084094","2021-06-25 21:54:59.084094"
476,"seatto.com","2021-06-25 22:41:27.141118","2021-06-25 22:41:27.141118"
477,"w3boats.com","2021-06-25 22:41:50.940143","2021-06-25 22:41:50.940143"
478,"pigicorn.com","2021-06-28 22:25:30.622587","2021-06-28 22:25:30.622587"
479,"accountstripe.com","2021-06-28 23:04:06.073118","2021-06-28 23:04:06.073118"
480,"fwhyhs.com","2021-07-01 23:00:45.071525","2021-07-01 23:00:45.071525"
481,"herrain.com","2021-07-02 15:30:47.529914","2021-07-02 15:30:47.529914"
482,"genebag.com","2021-07-02 15:32:10.10766","2021-07-02 15:32:10.10766"
483,"cuendita.com","2021-07-02 22:13:19.953696","2021-07-02 22:13:19.953696"
484,"msotln.com","2021-07-02 22:39:26.489563","2021-07-02 22:39:26.489563"
485,"advew.com","2021-07-02 22:44:15.871577","2021-07-02 22:44:15.871577"
486,"notvn.com","2021-07-13 20:40:51.199911","2021-07-13 20:40:51.199911"
487,"readsj.site","2021-07-16 15:03:55.170615","2021-07-16 15:03:55.170615"
488,"iprloi.com","2021-07-16 17:21:25.614292","2021-07-16 17:21:25.614292"
489,"iowachevron.com","2021-07-16 17:50:49.392213","2021-07-16 17:50:49.392213"
490,"eyeremind.com","2021-07-19 19:17:42.245444","2021-07-19 19:17:42.245444"
491,"antawii.com","2021-07-19 19:19:30.099465","2021-07-19 19:19:30.099465"
492,"northsixty.com","2021-07-19 19:22:18.151731","2021-07-19 19:22:18.151731"
493,"singmails.com","2021-07-19 19:24:59.099199","2021-07-19 19:24:59.099199"
494,"haibacon.com","2021-07-26 19:16:49.095944","2021-07-26 19:16:49.095944"
495,"ombitao.com","2021-07-26 19:18:06.814087","2021-07-26 19:18:06.814087"
496,"greendike.com","2021-07-26 19:19:21.231021","2021-07-26 19:19:21.231021"
497,"adaov.com","2021-07-26 19:19:56.88065","2021-07-26 19:19:56.88065"
498,"mymailcr.com","2021-07-27 21:20:41.321906","2021-07-27 21:20:41.321906"
499,"romeotechs.com","2021-07-27 22:19:50.498201","2021-07-27 22:19:50.498201"
500,"britted.com","2021-07-27 22:23:06.402516","2021-07-27 22:23:06.402516"
501,"closente.com","2021-07-28 22:33:28.937741","2021-07-28 22:33:28.937741"
502,"vietkevin.com","2021-07-28 22:34:52.321963","2021-07-28 22:34:52.321963"
503,"pubj.site","2021-07-29 22:59:35.998646","2021-07-29 22:59:35.998646"
504,"workingtall.com","2021-07-30 18:46:04.343115","2021-07-30 18:46:04.343115"
505,"hyprhost.com","2021-07-30 22:55:49.252869","2021-07-30 22:55:49.252869"
506,"test130.com","2021-08-05 20:46:39.412075","2021-08-05 20:46:39.412075"
507,"hlife.site","2021-08-05 21:10:03.463723","2021-08-05 21:10:03.463723"
508,"awg5.com","2021-08-05 21:10:36.787503","2021-08-05 21:10:36.787503"
509,"mumbama.com","2021-08-05 21:14:38.71739","2021-08-05 21:14:38.71739"
510,"hommoysam.com","2021-08-06 17:20:17.276148","2021-08-06 17:20:17.276148"
511,"neaeo.com","2021-08-06 17:21:33.411877","2021-08-06 17:21:33.411877"
512,"kantuki.com","2021-08-06 22:39:56.166975","2021-08-06 22:39:56.166975"
513,"hacktoy.com","2021-08-09 20:03:26.256723","2021-08-09 20:03:26.256723"
514,"77q8m.com","2021-08-09 20:04:42.326136","2021-08-09 20:04:42.326136"
515,"cudimex.com","2021-08-09 20:05:58.997314","2021-08-09 20:05:58.997314"
516,"ailoki.com","2021-08-09 20:53:00.949467","2021-08-09 20:53:00.949467"
517,"697av.com","2021-08-09 20:55:05.647597","2021-08-09 20:55:05.647597"
550,"bambase.com","2021-08-19 21:03:36.363941","2021-08-19 21:03:36.363941"
551,"litn.site","2021-08-19 21:04:55.129526","2021-08-19 21:04:55.129526"
552,"ampswipe.com","2021-08-19 22:07:24.319491","2021-08-19 22:07:24.319491"
553,"5sword.com","2021-08-19 22:44:23.539469","2021-08-19 22:44:23.539469"
554,"bizimalem-support.de","2021-08-19 23:05:06.778253","2021-08-19 23:05:06.778253"
555,"firt.site","2021-08-20 15:40:43.712339","2021-08-20 15:40:43.712339"
556,"trythe.net","2021-08-20 18:15:12.704689","2021-08-20 18:15:12.704689"
557,"gmailvn.net","2021-08-20 19:17:16.374677","2021-08-20 19:17:16.374677"
558,"kibwot.com","2021-08-20 19:19:08.917802","2021-08-20 19:19:08.917802"
591,"kentol.buzz","2021-08-23 20:56:16.991466","2021-08-23 20:56:16.991466"
592,"ansomesa.com","2021-08-23 21:43:40.759691","2021-08-23 21:43:40.759691"
593,"ou127.space","2021-08-23 22:46:37.308211","2021-08-23 22:46:37.308211"
594,"nasigoreng.buzz","2021-08-23 22:47:10.458664","2021-08-23 22:47:10.458664"
595,"omahisa.com","2021-08-23 22:47:46.283684","2021-08-23 22:47:46.283684"
596,"fxseller.com","2021-08-24 22:05:55.242447","2021-08-24 22:05:55.242447"
597,"rtfaz.site","2021-08-26 20:43:26.584446","2021-08-26 20:43:26.584446"
598,"kembung.com","2021-08-26 20:55:05.927893","2021-08-26 20:55:05.927893"
599,"typery.com","2021-08-27 15:52:09.127344","2021-08-27 15:52:09.127344"
600,"wpdork.com","2021-08-27 16:16:40.959254","2021-08-27 16:16:40.959254"
601,"macauvpn.com","2021-08-27 19:35:38.907034","2021-08-27 19:35:38.907034"
602,"eoooodid.com","2021-08-30 19:21:50.689175","2021-08-30 19:21:50.689175"
603,"itlrodk.com","2021-08-30 20:20:21.910869","2021-08-30 20:20:21.910869"
604,"mnqlm.com","2021-08-31 19:57:57.070354","2021-08-31 19:57:57.070354"
605,"enpaypal.com","2021-08-31 20:29:42.650157","2021-08-31 20:29:42.650157"
606,"doczd.site","2021-08-31 20:49:10.186145","2021-08-31 20:49:10.186145"
607,"makente.com","2021-08-31 20:50:21.303331","2021-08-31 20:50:21.303331"
608,"drlatvia.com","2021-08-31 20:52:34.777928","2021-08-31 20:52:34.777928"
609,"mom2kid.com","2021-08-31 20:53:16.610924","2021-08-31 20:53:16.610924"
610,"mi166.com","2021-08-31 22:20:51.740787","2021-08-31 22:20:51.740787"
611,"tahugejrot.buzz","2021-09-01 22:09:59.70772","2021-09-01 22:09:59.70772"
612,"kelec.cf","2021-09-01 22:12:03.311582","2021-09-01 22:12:03.311582"
613,"mobilekoki.com","2021-09-02 21:18:52.652903","2021-09-02 21:18:52.652903"
614,"shensufu.com","2021-09-07 20:27:56.252824","2021-09-07 20:27:56.252824"
615,"d0gone.com","2021-09-07 20:56:20.306068","2021-09-07 20:56:20.306068"
616,"gmaiiil.live","2021-09-07 20:56:57.354653","2021-09-07 20:56:57.354653"
617,"sicmag.com","2021-09-07 21:02:43.915964","2021-09-07 21:02:43.915964"
618,"kusaomachihotel.com","2021-09-07 21:29:40.248427","2021-09-07 21:29:40.248427"
619,"googleappsmail.com","2021-09-07 21:30:27.571119","2021-09-07 21:30:27.571119"
620,"pubf.site","2021-09-07 21:33:49.042601","2021-09-07 21:33:49.042601"
621,"pseyusv.com","2021-09-07 22:05:39.691924","2021-09-07 22:05:39.691924"
622,"codik.site","2021-09-09 21:18:14.129317","2021-09-09 21:18:14.129317"
623,"civisp.site","2021-09-10 15:04:13.418479","2021-09-10 15:04:13.418479"
624,"silbarts.com","2021-09-10 15:06:52.337758","2021-09-10 15:06:52.337758"
625,"growsocial.net","2021-09-10 15:08:13.140651","2021-09-10 15:08:13.140651"
626,"posiklan.com","2021-09-10 15:23:50.241855","2021-09-10 15:23:50.241855"
627,"fastleads.in","2021-09-10 15:36:07.734319","2021-09-10 15:36:07.734319"
628,"hungtachi.com","2021-09-10 21:50:28.668679","2021-09-10 21:50:28.668679"
629,"refm.site","2021-09-15 21:47:33.205132","2021-09-15 21:47:33.205132"
630,"godobolet.buzz","2021-09-15 22:32:52.198167","2021-09-15 22:32:52.198167"
631,"apklitestore.com","2021-09-16 18:45:11.113742","2021-09-16 18:45:11.113742"
632,"crunchcompass.com","2021-09-16 19:59:57.8554","2021-09-16 19:59:57.8554"
633,"mobitifisao.com","2021-09-16 21:37:35.60547","2021-09-16 21:37:35.60547"
635,"isluntvia.com","2021-09-17 16:40:09.717779","2021-09-17 16:40:09.717779"
636,"igfnicc.com","2021-09-17 16:41:32.707245","2021-09-17 16:41:32.707245"
637,"packiu.com","2021-09-17 17:25:05.590658","2021-09-17 17:25:05.590658"
638,"k377.me","2021-09-17 21:33:32.196046","2021-09-17 21:33:32.196046"
639,"timevod.com","2021-09-20 21:57:34.515584","2021-09-20 21:57:34.515584"
640,"soulsuns.com","2021-09-20 21:58:20.627836","2021-09-20 21:58:20.627836"
641,"lsnttttw.com","2021-09-20 22:01:31.188326","2021-09-20 22:01:31.188326"
642,"lbthomu.com","2021-09-20 22:02:33.925434","2021-09-20 22:02:33.925434"
643,"nevadaibm.com","2021-09-20 22:03:42.437978","2021-09-20 22:03:42.437978"
644,"gu5t.com","2021-09-20 22:04:27.020145","2021-09-20 22:04:27.020145"
645,"baanr.com","2021-09-21 22:24:03.78568","2021-09-21 22:24:03.78568"
646,"rheiop.com","2021-09-22 17:31:57.178549","2021-09-22 17:31:57.178549"
647,"iwnntnfe.com","2021-09-22 17:32:36.344688","2021-09-22 17:32:36.344688"
648,"untract.com","2021-09-22 18:25:01.937464","2021-09-22 18:25:01.937464"
649,"gltrrf.com","2021-09-22 22:16:09.119104","2021-09-22 22:16:09.119104"
650,"vefblogg.com","2021-09-23 18:23:47.098499","2021-09-23 18:23:47.098499"
651,"secbuf.com","2021-09-23 21:41:04.153819","2021-09-23 21:41:04.153819"
652,"tneiih.com","2021-09-23 22:07:51.178604","2021-09-23 22:07:51.178604"
653,"wemel.top","2021-09-23 22:34:02.911358","2021-09-23 22:34:02.911358"
655,"kenvanharen.com","2021-09-23 23:00:26.831341","2021-09-23 23:00:26.831341"
656,"bookh.site","2021-09-23 23:02:40.869983","2021-09-23 23:02:40.869983"
657,"arss.me","2021-09-24 22:43:40.895131","2021-09-24 22:43:40.895131"
658,"tst999.com","2021-09-26 22:56:51.293125","2021-09-26 22:56:51.293125"
659,"hasevo.com","2021-09-27 22:38:36.30335","2021-09-27 22:38:36.30335"
660,"bio123.net","2021-09-28 16:13:10.701572","2021-09-28 16:13:10.701572"
661,"piftir.com","2021-09-28 17:08:14.420384","2021-09-28 17:08:14.420384"
662,"lephamtuki.com","2021-09-28 17:09:11.170537","2021-09-28 17:09:11.170537"
664,"btkylj.com","2021-09-28 17:19:48.805666","2021-09-28 17:19:48.805666"
665,"busantei.com","2021-09-28 17:20:38.04592","2021-09-28 17:20:38.04592"
666,"ergowiki.com","2021-09-29 22:25:07.873515","2021-09-29 22:25:07.873515"
667,"hisukamie.com","2021-09-29 22:43:26.684969","2021-09-29 22:43:26.684969"
668,"johonkemana.com","2021-09-29 22:59:27.968392","2021-09-29 22:59:27.968392"
669,"adfskj.com","2021-09-30 21:28:55.714447","2021-09-30 21:28:55.714447"
670,"moxianmusic.com","2021-09-30 21:32:43.545286","2021-09-30 21:32:43.545286"
671,"imperrone.com","2021-09-30 21:34:43.023883","2021-09-30 21:34:43.023883"
672,"decorbuz.com","2021-10-01 19:25:58.549618","2021-10-01 19:25:58.549618"
673,"cantouri.com","2021-10-01 19:26:39.319448","2021-10-01 19:26:39.319448"
674,"tlead.me","2021-10-01 22:14:35.530808","2021-10-01 22:14:35.530808"
675,"archawesomebooks.site","2021-10-01 22:41:28.052727","2021-10-01 22:41:28.052727"
676,"icenhl.com","2021-10-04 21:35:33.120151","2021-10-04 21:35:33.120151"
677,"yalexonyegues.com","2021-10-04 21:38:35.787509","2021-10-04 21:38:35.787509"
678,"aethiops.com","2021-10-04 21:44:19.33331","2021-10-04 21:44:19.33331"
679,"freeallapp.com","2021-10-04 21:46:27.477827","2021-10-04 21:46:27.477827"
680,"bibliotekadomov.com","2021-10-04 22:58:09.695157","2021-10-04 22:58:09.695157"
681,"neragez.com","2021-10-06 21:11:10.260102","2021-10-06 21:11:10.260102"
682,"ffgarenavn.com","2021-10-08 18:14:11.146346","2021-10-08 18:14:11.146346"
684,"nolteot.com","2021-10-11 19:35:15.690003","2021-10-11 19:35:15.690003"
685,"ncdainfo.com","2021-10-11 19:39:20.335047","2021-10-11 19:39:20.335047"
686,"zipzi.site","2021-10-11 21:25:58.291778","2021-10-11 21:25:58.291778"
687,"pp7rvv.com","2021-10-12 22:49:44.104441","2021-10-12 22:49:44.104441"
688,"smuvaj.com","2021-10-12 22:58:53.042269","2021-10-12 22:58:53.042269"
689,"gmailwe.com","2021-10-12 22:59:36.233249","2021-10-12 22:59:36.233249"
690,"xeiex.com","2021-10-13 16:07:20.448647","2021-10-13 16:07:20.448647"
691,"proxiesblog.com","2021-10-14 20:35:26.415156","2021-10-14 20:35:26.415156"
692,"settags.com","2021-10-14 20:37:05.657318","2021-10-14 20:37:05.657318"
693,"prcx.site","2021-10-14 20:39:08.78173","2021-10-14 20:39:08.78173"
694,"wawue.com","2021-10-14 20:41:40.79516","2021-10-14 20:41:40.79516"
695,"kuntul.buzz","2021-10-14 21:05:43.038765","2021-10-14 21:05:43.038765"
696,"thehavyrtda.com","2021-10-14 21:06:53.075245","2021-10-14 21:06:53.075245"
697,"bedul.net","2021-10-14 22:05:48.85207","2021-10-14 22:05:48.85207"
698,"gutmenschen.company","2021-10-14 22:23:27.471023","2021-10-14 22:23:27.471023"
699,"cuongtaote.com","2021-10-15 15:13:27.278453","2021-10-15 15:13:27.278453"
700,"jncylp.com","2021-10-15 15:15:24.33641","2021-10-15 15:15:24.33641"
701,"sumakay.com","2021-10-15 15:15:48.785664","2021-10-15 15:15:48.785664"
702,"dogtrainingobedienceschool.com","2021-10-15 15:18:40.592958","2021-10-15 15:18:40.592958"
703,"omibrown.com","2021-10-15 15:32:43.556397","2021-10-15 15:32:43.556397"
518,"100xbit.com","2021-08-09 20:57:36.135432","2021-08-09 20:57:36.135432"
519,"bacharg.com","2021-08-09 22:18:43.795828","2021-08-09 22:18:43.795828"
520,"eeothno.com","2021-08-10 22:05:02.823467","2021-08-10 22:05:02.823467"
521,"pickuplanet.com","2021-08-10 22:05:54.9084","2021-08-10 22:05:54.9084"
522,"cutbebytsabina.art","2021-08-12 18:23:48.410708","2021-08-12 18:23:48.410708"
523,"error57.com","2021-08-12 18:24:52.750095","2021-08-12 18:24:52.750095"
524,"zqrni.net","2021-08-13 15:04:34.905564","2021-08-13 15:04:34.905564"
525,"ovooovo.com","2021-08-13 15:08:44.90063","2021-08-13 15:08:44.90063"
526,"activesniper.com","2021-08-13 15:10:19.312813","2021-08-13 15:10:19.312813"
527,"godspeed.com","2021-08-13 15:12:51.153508","2021-08-13 15:12:51.153508"
528,"asmm5.com","2021-08-13 15:13:23.365485","2021-08-13 15:13:23.365485"
529,"alltekia.com","2021-08-13 15:47:44.827641","2021-08-13 15:47:44.827641"
530,"cfcjy.com","2021-08-13 15:49:21.404147","2021-08-13 15:49:21.404147"
531,"5ubo.com","2021-08-13 15:55:43.805724","2021-08-13 15:55:43.805724"
532,"fada55.com","2021-08-13 15:57:31.489287","2021-08-13 15:57:31.489287"
533,"oduyzrp.com","2021-08-13 16:03:25.478455","2021-08-13 16:03:25.478455"
534,"hax55.com","2021-08-13 16:20:05.47365","2021-08-13 16:20:05.47365"
535,"refex.site","2021-08-13 16:24:16.135723","2021-08-13 16:24:16.135723"
536,"jq600.com","2021-08-13 16:30:29.508762","2021-08-13 16:30:29.508762"
537,"rmune.com","2021-08-13 16:32:46.889942","2021-08-13 16:32:46.889942"
538,"hotmail.red","2021-08-13 22:40:15.918244","2021-08-13 22:40:15.918244"
539,"capitalistdilemma.com","2021-08-13 22:58:04.302881","2021-08-13 22:58:04.302881"
540,"gddao.com","2021-08-16 20:50:53.862286","2021-08-16 20:50:53.862286"
541,"virginiaintel.com","2021-08-16 20:55:13.104105","2021-08-16 20:55:13.104105"
542,"wavleg.com","2021-08-16 21:41:31.772164","2021-08-16 21:41:31.772164"
543,"icahu.com","2021-08-17 22:45:16.330357","2021-08-17 22:45:16.330357"
544,"codiw.site","2021-08-18 19:17:17.953359","2021-08-18 19:17:17.953359"
545,"enwsueicn.com","2021-08-18 19:17:47.756162","2021-08-18 19:17:47.756162"
546,"gmailya.com","2021-08-18 20:19:35.729399","2021-08-18 20:19:35.729399"
547,"suprh.site","2021-08-18 20:21:38.025446","2021-08-18 20:21:38.025446"
548,"litev.site","2021-08-18 20:22:27.787065","2021-08-18 20:22:27.787065"
549,"cggup.com","2021-08-18 22:52:56.339035","2021-08-18 22:52:56.339035"
634,"somitata.com","2021-09-16 21:38:05.275039","2021-09-16 21:38:05.275039"
654,"tmednews.com","2021-09-23 22:34:39.625015","2021-09-23 22:34:39.625015"
663,"uniromax.com","2021-09-28 17:09:27.327141","2021-09-28 17:09:27.327141"
683,"pussport.com","2021-10-08 18:14:32.059703","2021-10-08 18:14:32.059703"
704,"hunaig.com","2021-10-18 20:11:22.269975","2021-10-18 20:11:22.269975"
705,"victorgold.xyz","2021-10-18 20:12:14.031585","2021-10-18 20:12:14.031585"
706,"ieellrue.com","2021-10-18 20:46:01.144276","2021-10-18 20:46:01.144276"
707,"barbabas.space","2021-10-20 16:43:13.932255","2021-10-20 16:43:13.932255"
708,"wwwshoujinwang.com","2021-10-20 16:44:56.28035","2021-10-20 16:44:56.28035"
709,"specialistblog.com","2021-10-20 16:49:47.534862","2021-10-20 16:49:47.534862"
710,"otozuz.com","2021-10-20 16:50:26.198134","2021-10-20 16:50:26.198134"
711,"fnaul.com","2021-10-21 16:29:31.630342","2021-10-21 16:29:31.630342"
712,"koldpak.com","2021-10-21 22:29:48.974406","2021-10-21 22:29:48.974406"
713,"forfity.com","2021-10-21 22:55:35.066982","2021-10-21 22:55:35.066982"
714,"tivilebonza.com","2021-10-22 19:27:20.661816","2021-10-22 19:27:20.661816"
715,"prco.site","2021-10-22 19:28:14.5431","2021-10-22 19:28:14.5431"
716,"ateampc.com","2021-10-22 20:15:56.078526","2021-10-22 20:15:56.078526"
717,"julsard.com","2021-10-22 20:21:45.085872","2021-10-22 20:21:45.085872"
718,"d3bb.com","2021-10-22 20:22:53.576381","2021-10-22 20:22:53.576381"
719,"zane.pro","2021-10-22 22:42:10.113341","2021-10-22 22:42:10.113341"
720,"supg.site","2021-10-22 22:43:07.664339","2021-10-22 22:43:07.664339"
721,"devb.site","2021-10-22 22:43:33.955074","2021-10-22 22:43:33.955074"
722,"hstuie.com","2021-10-22 22:45:26.81742","2021-10-22 22:45:26.81742"
723,"eluvit.com","2021-10-22 22:45:48.514978","2021-10-22 22:45:48.514978"
724,"filera.site","2021-10-22 23:02:19.270283","2021-10-22 23:02:19.270283"
725,"manyr.site","2021-10-26 20:04:36.264659","2021-10-26 20:04:36.264659"
726,"perirh.com","2021-10-26 20:05:03.172136","2021-10-26 20:05:03.172136"
727,"flowersetcfresno.com","2021-10-26 22:45:09.471094","2021-10-26 22:45:09.471094"
728,"jesdoit.com","2021-10-26 22:46:02.733474","2021-10-26 22:46:02.733474"
729,"xlsmail.com","2021-10-26 22:47:47.824913","2021-10-26 22:47:47.824913"
730,"zips.design","2021-10-27 20:11:30.766924","2021-10-27 20:11:30.766924"
731,"docy.site","2021-10-27 20:12:01.031802","2021-10-27 20:12:01.031802"
732,"fretice.com","2021-10-27 22:52:06.143101","2021-10-27 22:52:06.143101"
733,"ifrghee.com","2021-10-28 20:58:30.0665","2021-10-28 20:58:30.0665"
734,"filet.site","2021-10-28 21:43:44.721892","2021-10-28 21:43:44.721892"
735,"mitakian.com","2021-10-29 15:05:21.764554","2021-10-29 15:05:21.764554"
736,"osmye.com","2021-10-29 15:06:51.319013","2021-10-29 15:06:51.319013"
737,"tikabravani.art","2021-10-29 15:29:35.429699","2021-10-29 15:29:35.429699"
738,"ndgbmuh.com","2021-10-29 15:33:54.242395","2021-10-29 15:33:54.242395"
739,"roidirt.com","2021-10-29 16:59:01.137181","2021-10-29 16:59:01.137181"
740,"alotivi.com","2021-10-29 18:40:01.905233","2021-10-29 18:40:01.905233"
741,"ecofreon.com","2021-10-29 18:43:07.114902","2021-10-29 18:43:07.114902"
742,"prcak.site","2021-10-29 18:50:42.476682","2021-10-29 18:50:42.476682"
743,"nx-mail.com","2021-10-29 18:50:53.657792","2021-10-29 18:50:53.657792"
744,"hoangsita.com","2021-10-29 19:25:23.248691","2021-10-29 19:25:23.248691"
745,"mamasuna.com","2021-10-29 23:01:09.009284","2021-10-29 23:01:09.009284"
746,"litei.site","2021-10-29 23:01:58.862204","2021-10-29 23:01:58.862204"
747,"cyadp.com","2021-11-01 20:44:09.709976","2021-11-01 20:44:09.709976"
748,"dyoeii.com","2021-11-01 21:21:02.410325","2021-11-01 21:21:02.410325"
749,"tchoeo.com","2021-11-01 22:09:54.916371","2021-11-01 22:09:54.916371"
750,"metalunits.com","2021-11-02 20:30:21.964846","2021-11-02 20:30:21.964846"
751,"postimel.com","2021-11-02 20:31:18.870037","2021-11-02 20:31:18.870037"
752,"chantellegribbon.com","2021-11-02 21:51:48.843273","2021-11-02 21:51:48.843273"
753,"scaptiean.com","2021-11-03 18:47:04.012362","2021-11-03 18:47:04.012362"
754,"unefty.site","2021-11-03 20:15:56.876322","2021-11-03 20:15:56.876322"
755,"epeva.com","2021-11-03 22:28:22.458469","2021-11-03 22:28:22.458469"
756,"datakop.com","2021-11-03 22:29:25.547736","2021-11-03 22:29:25.547736"
757,"whymustyarz.com","2021-11-03 22:30:14.472927","2021-11-03 22:30:14.472927"
758,"fileli.site","2021-11-03 22:56:56.652918","2021-11-03 22:56:56.652918"
759,"vusra.com","2021-11-04 15:31:16.933288","2021-11-04 15:31:16.933288"
760,"cesuoter.com","2021-11-04 15:35:09.446136","2021-11-04 15:35:09.446136"
761,"manyz.site","2021-11-04 15:41:37.422953","2021-11-04 15:41:37.422953"
762,"ermtia.com","2021-11-04 15:46:13.016324","2021-11-04 15:46:13.016324"
763,"greencafe24.com","2021-11-04 18:17:11.6397","2021-11-04 18:17:11.6397"
764,"the23app.com","2021-11-04 18:18:06.552878","2021-11-04 18:18:06.552878"
765,"manlz.site","2021-11-04 19:57:06.925806","2021-11-04 19:57:06.925806"
766,"soccerfit.com","2021-11-04 21:17:54.255762","2021-11-04 21:17:54.255762"
767,"playfuny.com","2021-11-04 22:57:01.744125","2021-11-04 22:57:01.744125"
800,"aloxy.ml","2021-11-08 21:36:43.408617","2021-11-08 21:36:43.408617"
801,"48plusclub.xyz","2021-11-15 21:53:26.465368","2021-11-15 21:53:26.465368"
802,"roselarose.com","2021-11-15 22:19:31.591818","2021-11-15 22:19:31.591818"
803,"fb2ar.site","2021-11-15 22:19:53.331721","2021-11-15 22:19:53.331721"
804,"wpadye.com","2021-11-15 22:20:40.516469","2021-11-15 22:20:40.516469"
805,"drhoangsita.com","2021-11-15 22:21:32.486447","2021-11-15 22:21:32.486447"
806,"suprf.site","2021-11-15 22:27:53.408585","2021-11-15 22:27:53.408585"
807,"omdiaco.com","2021-11-17 22:44:56.318415","2021-11-17 22:44:56.318415"
808,"toecye.com","2021-11-17 22:45:15.187159","2021-11-17 22:45:15.187159"
809,"midtoys.com","2021-11-17 22:47:29.936658","2021-11-17 22:47:29.936658"
810,"mainctu.com","2021-11-19 16:20:22.433656","2021-11-19 16:20:22.433656"
811,"latovic.com","2021-11-19 18:07:54.191919","2021-11-19 18:07:54.191919"
812,"gotcertify.com","2021-11-19 21:17:21.400256","2021-11-19 21:17:21.400256"
813,"prime-zone.ru","2021-11-19 21:51:32.874783","2021-11-19 21:51:32.874783"
814,"gumaygo.com","2021-11-19 21:56:01.382222","2021-11-19 21:56:01.382222"
815,"how2i.site","2021-11-19 23:02:30.107062","2021-11-19 23:02:30.107062"
816,"nbobd.com","2021-11-22 21:46:43.752479","2021-11-22 21:46:43.752479"
817,"agung001.com","2021-11-23 16:22:26.091299","2021-11-23 16:22:26.091299"
818,"zeemails.in","2021-11-23 21:03:41.355872","2021-11-23 21:03:41.355872"
819,"bestlisttext.site","2021-11-23 21:04:28.022743","2021-11-23 21:04:28.022743"
820,"elastit.com","2021-11-23 21:05:04.640535","2021-11-23 21:05:04.640535"
821,"luxiu2.com","2021-11-23 21:05:20.40143","2021-11-23 21:05:20.40143"
822,"gmailni.com","2021-11-23 21:06:42.649936","2021-11-23 21:06:42.649936"
823,"pergi.id","2021-11-23 21:07:09.037689","2021-11-23 21:07:09.037689"
824,"necalin.com","2021-11-23 22:27:37.576007","2021-11-23 22:27:37.576007"
825,"wholowpie.com","2021-11-23 22:29:31.73333","2021-11-23 22:29:31.73333"
826,"teeoli.com","2021-11-23 22:30:03.564765","2021-11-23 22:30:03.564765"
827,"antilopa.site","2021-11-24 22:50:06.697598","2021-11-24 22:50:06.697598"
828,"oanghika.com","2021-11-29 21:13:17.735123","2021-11-29 21:13:17.735123"
829,"teepotrn.com","2021-11-29 21:47:58.582736","2021-11-29 21:47:58.582736"
830,"silnmy.com","2021-11-29 21:49:03.37302","2021-11-29 21:49:03.37302"
831,"tango-card.com","2021-11-29 22:00:20.848444","2021-11-29 22:00:20.848444"
832,"awesomedirbooks.site","2021-11-29 22:01:38.349187","2021-11-29 22:01:38.349187"
833,"wyieiolo.com","2021-11-29 22:02:22.932061","2021-11-29 22:02:22.932061"
834,"atxcrunner.com","2021-11-29 22:27:15.035497","2021-11-29 22:27:15.035497"
835,"eetieg.com","2021-11-30 21:28:33.579335","2021-11-30 21:28:33.579335"
836,"emvil.com","2021-11-30 22:55:39.127196","2021-11-30 22:55:39.127196"
837,"pemess.com","2021-12-01 20:39:32.902326","2021-12-01 20:39:32.902326"
838,"leadwizzer.com","2021-12-02 22:25:42.691248","2021-12-02 22:25:42.691248"
839,"ineedsa.com","2021-12-02 22:57:49.962751","2021-12-02 22:57:49.962751"
840,"litrk.site","2021-12-03 18:43:19.101388","2021-12-03 18:43:19.101388"
841,"bharatasuperherbal.com","2021-12-06 21:23:28.138484","2021-12-06 21:23:28.138484"
842,"eatneha.com","2021-12-07 17:19:29.762676","2021-12-07 17:19:29.762676"
843,"eatneha.com","2021-12-07 17:19:41.040105","2021-12-07 17:19:41.040105"
844,"sinagalore.com","2021-12-07 17:20:36.520592","2021-12-07 17:20:36.520592"
845,"hagendes.com","2021-12-13 21:33:44.8733","2021-12-13 21:33:44.8733"
846,"darazdigital.com","2021-12-14 21:30:18.533589","2021-12-14 21:30:18.533589"
847,"ztymm.com","2021-12-15 22:57:26.991111","2021-12-15 22:57:26.991111"
848,"masjoco.com","2021-12-16 22:37:17.210865","2021-12-16 22:37:17.210865"
849,"zonedigital.online","2021-12-17 18:01:51.625165","2021-12-17 18:01:51.625165"
850,"videour.com","2021-12-21 15:06:40.211036","2021-12-21 15:06:40.211036"
851,"yevme.com","2021-12-21 15:08:33.031268","2021-12-21 15:08:33.031268"
852,"ritumusic.com","2021-12-21 15:09:06.366162","2021-12-21 15:09:06.366162"
853,"swsguide.com","2021-12-21 15:09:25.586412","2021-12-21 15:09:25.586412"
854,"xtrempro.com","2021-12-21 15:12:13.276379","2021-12-21 15:12:13.276379"
855,"eamrhh.com","2021-12-22 16:56:03.789376","2021-12-22 16:56:03.789376"
857,"bookz.site","2021-12-22 17:37:36.632873","2021-12-22 17:37:36.632873"
858,"community-college.university","2021-12-22 17:39:06.945961","2021-12-22 17:39:06.945961"
859,"icnwte.com","2021-12-22 17:39:52.895037","2021-12-22 17:39:52.895037"
860,"beefnomination.info","2021-12-28 19:15:23.684588","2021-12-28 19:15:23.684588"
861,"getnewfiles.site","2021-12-28 19:15:59.273773","2021-12-28 19:15:59.273773"
862,"alilot.com","2021-12-28 19:16:28.127689","2021-12-28 19:16:28.127689"
